genres,homepage,id,keywords,overview,popularity,revenue,title,vote_average,vote_count,photo_id
"[{""id"": 12, ""name"": ""Adventure""}, {""id"": 14, ""name"": ""Fantasy""}, {""id"": 10751, ""name"": ""Family""}]",http://harrypotter.warnerbros.com/harrypotterandthehalf-bloodprince/dvd/index.html,767,"[{""id"": 616, ""name"": ""witch""}, {""id"": 2343, ""name"": ""magic""}, {""id"": 3872, ""name"": ""broom""}, {""id"": 3884, ""name"": ""school of witchcraft""}, {""id"": 6333, ""name"": ""wizardry""}, {""id"": 10164, ""name"": ""apparition""}, {""id"": 10791, ""name"": ""teenage crush""}, {""id"": 12564, ""name"": ""werewolf""}]","As Harry begins his sixth year at Hogwarts, he discovers an old book marked as 'Property of the Half-Blood Prince', and begins to learn more about Lord Voldemort's dark past.",98.885637,933959197,Harry Potter and the Half-Blood Prince,7.4,5293,https://firebasestorage.googleapis.com/v0/b/treecom-a433e.appspot.com/o/Half_Blood_Prince.jpg?alt=media&token=a71c5ae5-2c1f-4f83-910f-3efc2dc2a4dd
"[{""id"": 12, ""name"": ""Adventure""}, {""id"": 14, ""name"": ""Fantasy""}, {""id"": 10751, ""name"": ""Family""}, {""id"": 9648, ""name"": ""Mystery""}]",http://www.harrypotterorderofthephoenix.com/,675,"[{""id"": 530, ""name"": ""prophecy""}, {""id"": 616, ""name"": ""witch""}, {""id"": 1014, ""name"": ""loss of lover""}, {""id"": 2343, ""name"": ""magic""}, {""id"": 2630, ""name"": ""cutting the cord""}, {""id"": 3650, ""name"": ""child hero""}, {""id"": 3737, ""name"": ""dying and death""}, {""id"": 3872, ""name"": ""broom""}, {""id"": 3873, ""name"": ""sorcerer's apprentice""}, {""id"": 3884, ""name"": ""school of witchcraft""}, {""id"": 4252, ""name"": ""black magic""}, {""id"": 4959, ""name"": ""death of a friend""}, {""id"": 5147, ""name"": ""sorcery""}, {""id"": 221387, ""name"": ""occultism""}]","Returning for his fifth year of study at Hogwarts, Harry is stunned to find that his warnings about the return of Lord Voldemort have been ignored. Left with no choice, Harry takes matters into his own hands, training a small group of students – dubbed 'Dumbledore's Army' – to defend themselves against the dark arts.",78.144395,938212738,Harry Potter and the Order of the Phoenix,7.4,5494,https://firebasestorage.googleapis.com/v0/b/treecom-a433e.appspot.com/o/The_order_of_phoenix.jpg?alt=media&token=bb1d7361-46a5-44c6-9aa4-ced4946c3cd9
"[{""id"": 12, ""name"": ""Adventure""}, {""id"": 14, ""name"": ""Fantasy""}, {""id"": 10751, ""name"": ""Family""}]",http://harrypotter.warnerbros.com/,674,"[{""id"": 2343, ""name"": ""magic""}, {""id"": 3737, ""name"": ""dying and death""}, {""id"": 3872, ""name"": ""broom""}, {""id"": 3873, ""name"": ""sorcerer's apprentice""}, {""id"": 3884, ""name"": ""school of witchcraft""}, {""id"": 4238, ""name"": ""chosen one""}, {""id"": 4252, ""name"": ""black magic""}, {""id"": 6271, ""name"": ""boarding school""}, {""id"": 10629, ""name"": ""vision""}, {""id"": 12380, ""name"": ""tournament""}, {""id"": 13130, ""name"": ""teenager""}, {""id"": 177912, ""name"": ""wizard""}, {""id"": 188178, ""name"": ""teenage hero""}, {""id"": 223438, ""name"": ""based on young adult novel""}]","Harry starts his fourth year at Hogwarts, competes in the treacherous Triwizard Tournament and faces the evil Lord Voldemort. Ron and Hermione help Harry manage the pressure – but Voldemort lurks, awaiting his chance to destroy Harry and all that he stands for.",101.250416,895921036,Harry Potter and the Goblet of Fire,7.5,5608,https://firebasestorage.googleapis.com/v0/b/treecom-a433e.appspot.com/o/Goblet_of_fire.jpg?alt=media&token=eb12c712-68ed-4924-bfad-83ecbbb2f010
"[{""id"": 12, ""name"": ""Adventure""}, {""id"": 14, ""name"": ""Fantasy""}, {""id"": 10751, ""name"": ""Family""}]",https://www.imdb.com/title/tt0304141/,673,"[{""id"": 334, ""name"": ""flying""}, {""id"": 2052, ""name"": ""traitor""}, {""id"": 2343, ""name"": ""magic""}, {""id"": 2630, ""name"": ""cutting the cord""}, {""id"": 3650, ""name"": ""child hero""}, {""id"": 3872, ""name"": ""broom""}, {""id"": 3873, ""name"": ""sorcerer's apprentice""}, {""id"": 3884, ""name"": ""school of witchcraft""}, {""id"": 3904, ""name"": ""griffon""}, {""id"": 4252, ""name"": ""black magic""}, {""id"": 4379, ""name"": ""time travel""}, {""id"": 12392, ""name"": ""best friend""}, {""id"": 12564, ""name"": ""werewolf""}, {""id"": 33783, ""name"": ""dark""}, {""id"": 33784, ""name"": ""muggle""}, {""id"": 179430, ""name"": ""aftercreditsstinger""}]","Harry, Ron and Hermione return to Hogwarts for another magic-filled year. Harry comes face to face with danger yet again, this time in the form of escaped convict, Sirius Black – and turns to sympathetic Professor Lupin for help.",79.679601,789804554,Harry Potter and the Prisoner of Azkaban,7.7,5877,https://firebasestorage.googleapis.com/v0/b/treecom-a433e.appspot.com/o/Prisoner_of_Azkaban.jpg?alt=media&token=61b841bc-f176-4a87-8a12-97fbdd3b3d46
"[{""id"": 12, ""name"": ""Adventure""}, {""id"": 14, ""name"": ""Fantasy""}, {""id"": 10751, ""name"": ""Family""}]",http://harrypotter.warnerbros.com/harrypotterandthedeathlyhallows/mainsite/index.html,671,"[{""id"": 616, ""name"": ""witch""}, {""id"": 1441, ""name"": ""christmas party""}, {""id"": 2343, ""name"": ""magic""}, {""id"": 2630, ""name"": ""cutting the cord""}, {""id"": 3335, ""name"": ""halloween""}, {""id"": 3650, ""name"": ""child hero""}, {""id"": 3872, ""name"": ""broom""}, {""id"": 4238, ""name"": ""chosen one""}, {""id"": 4456, ""name"": ""frog""}, {""id"": 170362, ""name"": ""fantasy world""}, {""id"": 223438, ""name"": ""based on young adult novel""}]","Harry Potter has lived under the stairs at his aunt and uncle's house his whole life. But on his 11th birthday, he learns he's a powerful wizard -- with a place waiting for him at the Hogwarts School of Witchcraft and Wizardry. As he learns to harness his newfound powers with the help of the school's kindly headmaster, Harry uncovers the truth about his parents' deaths -- and about the villain who's to blame.",109.984351,976475550,Harry Potter and the Philosopher's Stone,7.5,7006,https://firebasestorage.googleapis.com/v0/b/treecom-a433e.appspot.com/o/Philosophers_Stone.jpg?alt=media&token=454e2905-4126-4053-9d1f-42b962b276e7
"[{""id"": 12, ""name"": ""Adventure""}, {""id"": 14, ""name"": ""Fantasy""}, {""id"": 10751, ""name"": ""Family""}]",https://www.imdb.com/title/tt0295297/,672,"[{""id"": 391, ""name"": ""flying car""}, {""id"": 616, ""name"": ""witch""}, {""id"": 2343, ""name"": ""magic""}, {""id"": 2630, ""name"": ""cutting the cord""}, {""id"": 3650, ""name"": ""child hero""}, {""id"": 3872, ""name"": ""broom""}, {""id"": 3873, ""name"": ""sorcerer's apprentice""}, {""id"": 3884, ""name"": ""school of witchcraft""}, {""id"": 3891, ""name"": ""giant snake""}, {""id"": 4252, ""name"": ""black magic""}, {""id"": 179430, ""name"": ""aftercreditsstinger""}]","Ignoring threats to his life, Harry returns to Hogwarts to investigate – aided by Ron and Hermione – a mysterious series of attacks.",132.397737,876688482,Harry Potter and the Chamber of Secrets,7.4,5815,https://firebasestorage.googleapis.com/v0/b/treecom-a433e.appspot.com/o/Chamber_of_Secret.jpg?alt=media&token=97ac5534-e535-409e-8676-19bcdd406821
"[{""id"": 27, ""name"": ""Horror""}]",http://www.mamamovie.com/,132232,"[{""id"": 185408, ""name"": ""supernatural horror""}]","Guillermo del Toro presents Mama, a supernatural thriller that tells the haunting tale of two little girls who disappeared into the woods the day that their parents were killed. When they are rescued years later and begin a new life, they find that someone or something still wants to come tuck them in at night.",47.455148,146497771,Mama,6,1401,https://firebasestorage.googleapis.com/v0/b/treecom-a433e.appspot.com/o/Mama.jpg?alt=media&token=c4cb806b-1188-4440-bdfb-d194060e1b7c
"[{""id"": 18, ""name"": ""Drama""}, {""id"": 28, ""name"": ""Action""}, {""id"": 80, ""name"": ""Crime""}, {""id"": 53, ""name"": ""Thriller""}]",http://thedarkknight.warnerbros.com/dvdsite/,155,"[{""id"": 849, ""name"": ""dc comics""}, {""id"": 853, ""name"": ""crime fighter""}, {""id"": 1308, ""name"": ""secret identity""}, {""id"": 3151, ""name"": ""scarecrow""}, {""id"": 4426, ""name"": ""sadism""}, {""id"": 4630, ""name"": ""chaos""}, {""id"": 6969, ""name"": ""gotham city""}, {""id"": 7002, ""name"": ""vigilante""}, {""id"": 9537, ""name"": ""joker""}, {""id"": 9715, ""name"": ""superhero""}, {""id"": 9717, ""name"": ""based on comic book""}, {""id"": 10044, ""name"": ""tragic hero""}, {""id"": 10291, ""name"": ""organized crime""}, {""id"": 18023, ""name"": ""criminal mastermind""}, {""id"": 33518, ""name"": ""district attorney""}, {""id"": 156395, ""name"": ""imax""}, {""id"": 163074, ""name"": ""super villain""}, {""id"": 163455, ""name"": ""super powers""}, {""id"": 230775, ""name"": ""batman""}]","Batman raises the stakes in his war on crime. With the help of Lt. Jim Gordon and District Attorney Harvey Dent, Batman sets out to dismantle the remaining criminal organizations that plague the streets. The partnership proves to be effective, but they soon find themselves prey to a reign of chaos unleashed by a rising criminal mastermind known to the terrified citizens of Gotham as the Joker.",187.322927,1004558444,The Dark Knight,8.2,12002,https://firebasestorage.googleapis.com/v0/b/treecom-a433e.appspot.com/o/The_Dark_Knight.jpg?alt=media&token=a712a003-65f0-4f25-9811-c584022a772e
"[{""id"": 14, ""name"": ""Fantasy""}, {""id"": 18, ""name"": ""Drama""}, {""id"": 80, ""name"": ""Crime""}]",http://thegreenmile.warnerbros.com/,497,"[{""id"": 531, ""name"": ""southern usa""}, {""id"": 577, ""name"": ""black people""}, {""id"": 791, ""name"": ""mentally disabled""}, {""id"": 818, ""name"": ""based on novel""}, {""id"": 2499, ""name"": ""heal""}, {""id"": 2501, ""name"": ""death row""}, {""id"": 2881, ""name"": ""jail guard""}, {""id"": 5571, ""name"": ""great depression""}, {""id"": 9774, ""name"": ""prison guard""}, {""id"": 11263, ""name"": ""electric chair""}, {""id"": 156597, ""name"": ""magic realism""}, {""id"": 167696, ""name"": ""healing""}, {""id"": 180162, ""name"": ""death row inmate""}, {""id"": 214548, ""name"": ""1930s""}]","A supernatural tale set on death row in a Southern prison, where gentle giant John Coffey possesses the mysterious power to heal people's ailments. When the cellblock's head guard, Paul Edgecomb, recognizes Coffey's miraculous gift, he tries desperately to help stave off the condemned man's execution.",103.698022,284600000,The Green Mile,8.2,4048,https://firebasestorage.googleapis.com/v0/b/treecom-a433e.appspot.com/o/the_green_mile.jpg?alt=media&token=fc9bec54-625e-4fde-8ddc-ce5484e662a0
"[{""id"": 35, ""name"": ""Comedy""}, {""id"": 18, ""name"": ""Drama""}, {""id"": 10749, ""name"": ""Romance""}]",https://www.imdb.com/title/tt0109830/,13,"[{""id"": 422, ""name"": ""vietnam veteran""}, {""id"": 458, ""name"": ""hippie""}, {""id"": 791, ""name"": ""mentally disabled""}, {""id"": 795, ""name"": ""running""}, {""id"": 818, ""name"": ""based on novel""}, {""id"": 2956, ""name"": ""vietnam""}, {""id"": 2957, ""name"": ""vietnam war""}, {""id"": 6054, ""name"": ""friendship""}, {""id"": 9673, ""name"": ""love""}, {""id"": 10235, ""name"": ""family relationships""}, {""id"": 10624, ""name"": ""bully""}, {""id"": 157499, ""name"": ""mother son relationship""}, {""id"": 162365, ""name"": ""military""}, {""id"": 162934, ""name"": ""hugging""}, {""id"": 166980, ""name"": ""shrimping""}, {""id"": 180204, ""name"": ""wounded soldier""}, {""id"": 187844, ""name"": ""flashback""}, {""id"": 208143, ""name"": ""park bench""}, {""id"": 215492, ""name"": ""amputee""}]","A man with a low IQ has accomplished great things in his life and been present during significant historic events - in each case, far exceeding what anyone imagined he could do. Yet, despite all the things he has attained, his one true love eludes him. 'Forrest Gump' is the story of a man who rose above his challenges, and who proved that determination, courage, and love are more important than ability.",138.133331,677945399,Forrest Gump,8.2,7927,https://firebasestorage.googleapis.com/v0/b/treecom-a433e.appspot.com/o/Forrest_gump.jpg?alt=media&token=d699ddf7-18aa-4d60-a22d-e2b6ea9f494c
"[{""id"": 18, ""name"": ""Drama""}, {""id"": 80, ""name"": ""Crime""}]",https://www.imdb.com/title/tt0111161/,278,"[{""id"": 378, ""name"": ""prison""}, {""id"": 417, ""name"": ""corruption""}, {""id"": 796, ""name"": ""police brutality""}, {""id"": 2885, ""name"": ""prison cell""}, {""id"": 4779, ""name"": ""delinquent""}, {""id"": 8622, ""name"": ""parole board""}, {""id"": 9777, ""name"": ""escape from prison""}, {""id"": 12662, ""name"": ""wrongful imprisonment""}, {""id"": 180172, ""name"": ""framed for murder""}, {""id"": 207883, ""name"": ""1940s""}]","Framed in the 1940s for the double murder of his wife and her lover, upstanding banker Andy Dufresne begins a new life at the Shawshank prison, where he puts his accounting skills to work for an amoral warden. During his long stretch in prison, Dufresne comes to be admired by the other inmates -- including an older prisoner named Red -- for his integrity and unquenchable sense of hope.",136.747729,28341469,The Shawshank Redemption,8.5,8205,https://firebasestorage.googleapis.com/v0/b/treecom-a433e.appspot.com/o/The_shawshank_redemption.jpg?alt=media&token=74d6ee5c-b91a-4d03-aa39-05ad0e55fd07
"[{""id"": 14, ""name"": ""Fantasy""}, {""id"": 12, ""name"": ""Adventure""}, {""id"": 16, ""name"": ""Animation""}, {""id"": 10751, ""name"": ""Family""}]",http://www.howtotrainyourdragon.com/,10191,"[{""id"": 334, ""name"": ""flying""}, {""id"": 1318, ""name"": ""blacksmith""}, {""id"": 1395, ""name"": ""arena""}, {""id"": 2041, ""name"": ""island""}, {""id"": 3752, ""name"": ""night""}, {""id"": 3799, ""name"": ""ship""}, {""id"": 4613, ""name"": ""training""}, {""id"": 5331, ""name"": ""village""}, {""id"": 5774, ""name"": ""forest""}, {""id"": 5895, ""name"": ""viking""}, {""id"": 6054, ""name"": ""friendship""}, {""id"": 6253, ""name"": ""ignorance""}, {""id"": 8044, ""name"": ""flight""}, {""id"": 9109, ""name"": ""nest""}, {""id"": 12554, ""name"": ""dragon""}, {""id"": 14643, ""name"": ""battle""}, {""id"": 18543, ""name"": ""combat""}, {""id"": 172784, ""name"": ""well""}, {""id"": 192913, ""name"": ""warrior""}]","As the son of a Viking leader on the cusp of manhood, shy Hiccup Horrendous Haddock III faces a rite of passage: he must kill a dragon to prove his warrior mettle. But after downing a feared dragon, he realizes that he no longer wants to destroy it, and instead befriends the beast – which he names Toothless – much to the chagrin of his warrior father",67.263269,494878759,How to Train Your Dragon,7.5,4227,https://firebasestorage.googleapis.com/v0/b/treecom-a433e.appspot.com/o/how_to_train_your_dragon.jpg?alt=media&token=e99c61b2-c45a-4e88-afab-8577342e21f7
"[{""id"": 9648, ""name"": ""Mystery""}, {""id"": 53, ""name"": ""Thriller""}]",http://www.otnemem.com/,77,"[{""id"": 30, ""name"": ""individual""}, {""id"": 328, ""name"": ""insulin""}, {""id"": 331, ""name"": ""tattoo""}, {""id"": 828, ""name"": ""waitress""}, {""id"": 1453, ""name"": ""amnesia""}, {""id"": 2669, ""name"": ""motel""}, {""id"": 3973, ""name"": ""insurance salesman""}, {""id"": 9748, ""name"": ""revenge""}, {""id"": 11469, ""name"": ""memory loss""}, {""id"": 33874, ""name"": ""polaroid""}, {""id"": 187844, ""name"": ""flashback""}, {""id"": 207268, ""name"": ""neo-noir""}]","Suffering short-term memory loss after a head injury, Leonard Shelby embarks on a grim quest to find the lowlife who murdered his wife in this gritty, complex thriller that packs more knots than a hangman's noose. To carry out his plan, Shelby snaps Polaroids of people and places, jotting down contextual notes on the backs of photos to aid in his search and jog his memory. He even tattoos his own body in a desperate bid to remember.",60.715151,39723096,Memento,8.1,4028,https://firebasestorage.googleapis.com/v0/b/treecom-a433e.appspot.com/o/Memento.jpg?alt=media&token=197c3c73-7ba4-47fc-852d-38386c4e18d2
"[{""id"": 18, ""name"": ""Drama""}, {""id"": 28, ""name"": ""Action""}, {""id"": 53, ""name"": ""Thriller""}, {""id"": 10752, ""name"": ""War""}]",http://www.inglouriousbasterds-movie.com/,16869,"[{""id"": 90, ""name"": ""paris""}, {""id"": 1008, ""name"": ""guerrilla""}, {""id"": 1388, ""name"": ""cinema""}, {""id"": 1430, ""name"": ""self sacrifice""}, {""id"": 1560, ""name"": ""dynamite""}, {""id"": 1666, ""name"": ""mexican standoff""}, {""id"": 1956, ""name"": ""world war ii""}, {""id"": 2433, ""name"": ""jew persecution""}, {""id"": 2606, ""name"": ""jew""}, {""id"": 2652, ""name"": ""nazis""}, {""id"": 3260, ""name"": ""masochism""}, {""id"": 4426, ""name"": ""sadism""}, {""id"": 5470, ""name"": ""scalp""}, {""id"": 6538, ""name"": ""winston churchill""}, {""id"": 9851, ""name"": ""knife in hand""}, {""id"": 10144, ""name"": ""anti semitism""}, {""id"": 10292, ""name"": ""gore""}, {""id"": 11105, ""name"": ""swastika""}, {""id"": 11249, ""name"": ""blood bath""}, {""id"": 13519, ""name"": ""german occupation of france""}, {""id"": 14819, ""name"": ""violence""}, {""id"": 163656, ""name"": ""gun violence""}]","In Nazi-occupied France during World War II, a group of Jewish-American soldiers known as ""The Basterds"" are chosen specifically to spread fear throughout the Third Reich by scalping and brutally killing Nazis. The Basterds, lead by Lt. Aldo Raine soon cross paths with a French-Jewish teenage girl who runs a movie theater in Paris which is targeted by the soldiers.",72.595961,319131050,Inglourious Basterds,7.9,6430,https://firebasestorage.googleapis.com/v0/b/treecom-a433e.appspot.com/o/inglorious_basterds.jpg?alt=media&token=ac5a95b5-1674-4e87-b7d8-0b5e1e85e56c
"[{""id"": 12, ""name"": ""Adventure""}, {""id"": 18, ""name"": ""Drama""}, {""id"": 878, ""name"": ""Science Fiction""}]",http://www.interstellarmovie.net/,157336,"[{""id"": 83, ""name"": ""saving the world""}, {""id"": 310, ""name"": ""artificial intelligence""}, {""id"": 494, ""name"": ""father son relationship""}, {""id"": 641, ""name"": ""single parent""}, {""id"": 1432, ""name"": ""nasa""}, {""id"": 1963, ""name"": ""expedition""}, {""id"": 3417, ""name"": ""wormhole""}, {""id"": 3801, ""name"": ""space travel""}, {""id"": 4337, ""name"": ""famine""}, {""id"": 4380, ""name"": ""black hole""}, {""id"": 4565, ""name"": ""dystopia""}, {""id"": 4776, ""name"": ""race against time""}, {""id"": 8056, ""name"": ""quantum mechanics""}, {""id"": 9831, ""name"": ""spaceship""}, {""id"": 9882, ""name"": ""space""}, {""id"": 10084, ""name"": ""rescue""}, {""id"": 10235, ""name"": ""family relationships""}, {""id"": 13127, ""name"": ""farmhouse""}, {""id"": 14544, ""name"": ""robot""}, {""id"": 14626, ""name"": ""astronaut""}, {""id"": 14760, ""name"": ""scientist""}, {""id"": 15300, ""name"": ""father daughter relationship""}, {""id"": 33479, ""name"": ""single father""}, {""id"": 154846, ""name"": ""farmer""}, {""id"": 156039, ""name"": ""space station""}, {""id"": 156395, ""name"": ""imax""}, {""id"": 160331, ""name"": ""astrophysics""}, {""id"": 162630, ""name"": ""zero gravity""}, {""id"": 189098, ""name"": ""courage""}, {""id"": 208757, ""name"": ""time paradox""}, {""id"": 214349, ""name"": ""relativity""}]",Interstellar chronicles the adventures of a group of explorers who make use of a newly discovered wormhole to surpass the limitations on human space travel and conquer the vast distances involved in an interstellar voyage.,724.247784,675120017,Interstellar,8.1,10867,https://firebasestorage.googleapis.com/v0/b/treecom-a433e.appspot.com/o/Interstellar.jpg?alt=media&token=f7d1b761-516c-447a-aa4d-ca65bbac57bf
"[{""id"": 28, ""name"": ""Action""}, {""id"": 53, ""name"": ""Thriller""}, {""id"": 878, ""name"": ""Science Fiction""}, {""id"": 9648, ""name"": ""Mystery""}, {""id"": 12, ""name"": ""Adventure""}]",http://inceptionmovie.warnerbros.com/,27205,"[{""id"": 1014, ""name"": ""loss of lover""}, {""id"": 1566, ""name"": ""dream""}, {""id"": 1930, ""name"": ""kidnapping""}, {""id"": 2116, ""name"": ""sleep""}, {""id"": 2117, ""name"": ""subconsciousness""}, {""id"": 10051, ""name"": ""heist""}, {""id"": 11436, ""name"": ""redemption""}, {""id"": 160137, ""name"": ""female hero""}]","Cobb, a skilled thief who commits corporate espionage by infiltrating the subconscious of his targets is offered a chance to regain his old life as payment for a task considered to be impossible: ""inception"", the implantation of another person's idea into a target's subconscious.",167.58371,825532764,Inception,8.1,13752,https://firebasestorage.googleapis.com/v0/b/treecom-a433e.appspot.com/o/Inception.jpg?alt=media&token=0cbeb63c-ec3a-4c38-b2a3-dedfa7f3a64e
"[{""id"": 12, ""name"": ""Adventure""}, {""id"": 14, ""name"": ""Fantasy""}, {""id"": 28, ""name"": ""Action""}]",http://www.lordoftherings.net,122,"[{""id"": 603, ""name"": ""elves""}, {""id"": 606, ""name"": ""orcs""}, {""id"": 609, ""name"": ""middle-earth (tolkien)""}, {""id"": 818, ""name"": ""based on novel""}, {""id"": 3301, ""name"": ""suspicion""}, {""id"": 3930, ""name"": ""bravery""}, {""id"": 6091, ""name"": ""war""}, {""id"": 9812, ""name"": ""honor""}, {""id"": 11173, ""name"": ""troll""}, {""id"": 14707, ""name"": ""brutality""}, {""id"": 14819, ""name"": ""violence""}, {""id"": 162846, ""name"": ""ghost""}, {""id"": 173700, ""name"": ""end of trilogy""}, {""id"": 207372, ""name"": ""quest""}, {""id"": 234213, ""name"": ""sword and sorcery""}]","Aragorn is revealed as the heir to the ancient kings as he, Gandalf and the other members of the broken fellowship struggle to save Gondor from Sauron's forces. Meanwhile, Frodo and Sam bring the ring closer to the heart of Mordor, the dark lord's realm.",123.630332,1118888979,The Lord of the Rings: The Return of the King,8.1,8064,https://firebasestorage.googleapis.com/v0/b/treecom-a433e.appspot.com/o/The_Return_of_the_king.jpg?alt=media&token=c80aa92e-942f-4378-be35-2056d978aa7c
"[{""id"": 12, ""name"": ""Adventure""}, {""id"": 35, ""name"": ""Comedy""}, {""id"": 878, ""name"": ""Science Fiction""}, {""id"": 10751, ""name"": ""Family""}]",http://www.backtothefuture.com/movies/backtothefuture1,105,"[{""id"": 389, ""name"": ""clock tower""}, {""id"": 830, ""name"": ""car race""}, {""id"": 949, ""name"": ""terrorist""}, {""id"": 951, ""name"": ""delorean""}, {""id"": 952, ""name"": ""lightning""}, {""id"": 953, ""name"": ""guitar""}, {""id"": 955, ""name"": ""plutonium""}, {""id"": 999, ""name"": ""sports car""}, {""id"": 1436, ""name"": ""inventor""}, {""id"": 1743, ""name"": ""journey in the past""}, {""id"": 4379, ""name"": ""time travel""}, {""id"": 4776, ""name"": ""race against time""}, {""id"": 9104, ""name"": ""partner""}, {""id"": 9789, ""name"": ""misfit""}, {""id"": 10125, ""name"": ""mad scientist""}, {""id"": 11860, ""name"": ""fish out of water""}, {""id"": 18425, ""name"": ""teenage love""}, {""id"": 40850, ""name"": ""destiny""}, {""id"": 186189, ""name"": ""hidden identity""}, {""id"": 187376, ""name"": ""odd couple""}, {""id"": 187710, ""name"": ""escapade""}, {""id"": 189449, ""name"": ""disorder""}, {""id"": 206687, ""name"": ""chases and races""}, {""id"": 206715, ""name"": ""love and romance""}, {""id"": 206720, ""name"": ""teenage life""}, {""id"": 206735, ""name"": ""misfit partners""}, {""id"": 206736, ""name"": ""changing the past or future""}, {""id"": 206737, ""name"": ""getting home""}, {""id"": 206738, ""name"": ""inventions and discoveries""}]","Eighties teenager Marty McFly is accidentally sent back in time to 1955, inadvertently disrupting his parents' first meeting and attracting his mother's romantic interest. Marty must repair the damage to history by rekindling his parents' romance and - with the help of his eccentric inventor friend Doc Brown - return to 1985.",76.603233,381109762,Back to the Future,8,6079,https://firebasestorage.googleapis.com/v0/b/treecom-a433e.appspot.com/o/Back_to_the_future.jpg?alt=media&token=a048536b-4373-49c5-ab42-907afd63846d
"[{""id"": 10749, ""name"": ""Romance""}, {""id"": 18, ""name"": ""Drama""}]",http://www.newline.com/properties/notebookthe.html,11036,"[{""id"": 493, ""name"": ""poem""}, {""id"": 1261, ""name"": ""river""}, {""id"": 1647, ""name"": ""sadness""}, {""id"": 1721, ""name"": ""fight""}, {""id"": 2038, ""name"": ""love of one's life""}, {""id"": 2689, ""name"": ""dementia""}, {""id"": 6069, ""name"": ""class""}, {""id"": 7879, ""name"": ""secret love""}, {""id"": 14708, ""name"": ""tears""}, {""id"": 15224, ""name"": ""candle""}, {""id"": 68648, ""name"": ""mailbox""}]","An epic love story centered around an older man who reads aloud to a woman with Alzheimer's. From a faded notebook, the old man's words bring to life the story about a couple who is separated by World War II, and is then passionately reunited, seven years later, after they have taken different paths.",55.109138,115603229,The Notebook,7.7,3067,https://firebasestorage.googleapis.com/v0/b/treecom-a433e.appspot.com/o/The_notebook.jpg?alt=media&token=410781b2-4c66-4581-902f-db5e8adedb5e
"[{""id"": 27, ""name"": ""Horror""}, {""id"": 53, ""name"": ""Thriller""}]",http://www.insidious-movie.com/,49018,"[{""id"": 2723, ""name"": ""medium""}, {""id"": 10114, ""name"": ""evil spirit""}, {""id"": 14651, ""name"": ""house warming""}, {""id"": 179430, ""name"": ""aftercreditsstinger""}]","A family discovers that dark spirits have invaded their home after their son inexplicably falls into an endless sleep. When they reach out to a professional for help, they learn things are a lot more personal than they thought.",58.594852,97009150,Insidious,6.8,1737,https://firebasestorage.googleapis.com/v0/b/treecom-a433e.appspot.com/o/insidious.jpg?alt=media&token=cac07d21-2804-4c14-b1c5-aa2df8099bc2
"[{""id"": 12, ""name"": ""Adventure""}, {""id"": 28, ""name"": ""Action""}, {""id"": 80, ""name"": ""Crime""}, {""id"": 9648, ""name"": ""Mystery""}]",http://sherlockholmes2.warnerbros.com/index.html,58574,"[{""id"": 1752, ""name"": ""detective inspector""}, {""id"": 10028, ""name"": ""steampunk""}, {""id"": 18023, ""name"": ""criminal mastermind""}]","There is a new criminal mastermind at large (Professor Moriarty) and not only is he Holmes’ intellectual equal, but his capacity for evil and lack of conscience may give him an advantage over the  detective.",81.499621,334615000,Sherlock Holmes: A Game of Shadows,7,3886,https://firebasestorage.googleapis.com/v0/b/treecom-a433e.appspot.com/o/A_game_of_shadows.jpg?alt=media&token=9a489719-4bb8-4430-b99c-46108a2ff324
"[{""id"": 10751, ""name"": ""Family""}, {""id"": 16, ""name"": ""Animation""}]",http://madagascar.dreamworks.com/,953,"[{""id"": 2043, ""name"": ""lion""}, {""id"": 2509, ""name"": ""hippopotamus""}, {""id"": 2510, ""name"": ""giraffe""}, {""id"": 3028, ""name"": ""penguin""}, {""id"": 7639, ""name"": ""zebra""}]","Zoo animals leave the comforts of man-made habitats for exotic adventure in this animated family film. After escaping from the zoo, four friends -- a lion, a hippo, a zebra and a giraffe -- are sent back to Africa. When their ship capsizes, stranding them on Madagascar, an island populated by crazy critters, the pals must adapt to jungle life and their new roles as wild animals.",48.110909,532680671,Madagascar,6.6,3237,https://firebasestorage.googleapis.com/v0/b/treecom-a433e.appspot.com/o/Madagascar.jpg?alt=media&token=656901d6-f4e1-4e81-8fef-f28475565b44
"[{""id"": 18, ""name"": ""Drama""}]",http://www.foxmovies.com/movies/fight-club,550,"[{""id"": 825, ""name"": ""support group""}, {""id"": 851, ""name"": ""dual identity""}, {""id"": 1541, ""name"": ""nihilism""}, {""id"": 3927, ""name"": ""rage and hate""}, {""id"": 4142, ""name"": ""insomnia""}, {""id"": 4565, ""name"": ""dystopia""}, {""id"": 14819, ""name"": ""violence""}]","A ticking-time-bomb insomniac and a slippery soap salesman channel primal male aggression into a shocking new form of therapy. Their concept catches on, with underground ""fight clubs"" forming in every town, until an eccentric gets in the way and ignites an out-of-control spiral toward oblivion.",146.757391,100853753,Fight Club,8.3,9413,https://firebasestorage.googleapis.com/v0/b/treecom-a433e.appspot.com/o/Fight_club.jpg?alt=media&token=01cb1dc9-a90e-415a-91b5-29c621a46318
"[{""id"": 18, ""name"": ""Drama""}, {""id"": 36, ""name"": ""History""}, {""id"": 10752, ""name"": ""War""}]",https://www.imdb.com/title/tt0120815/,857,"[{""id"": 1327, ""name"": ""war crimes""}, {""id"": 1430, ""name"": ""self sacrifice""}, {""id"": 1543, ""name"": ""war veteran""}, {""id"": 1956, ""name"": ""world war ii""}, {""id"": 2770, ""name"": ""war ship""}, {""id"": 3800, ""name"": ""airplane""}, {""id"": 3930, ""name"": ""bravery""}, {""id"": 4299, ""name"": ""normandy""}, {""id"": 4300, ""name"": ""parachute""}, {""id"": 4302, ""name"": ""troops""}, {""id"": 4303, ""name"": ""waffen ss""}, {""id"": 4304, ""name"": ""omaha beach""}, {""id"": 6092, ""name"": ""army""}, {""id"": 7956, ""name"": ""cowardice""}, {""id"": 11108, ""name"": ""american flag""}, {""id"": 11111, ""name"": ""war memorial""}, {""id"": 11371, ""name"": ""deserted town""}, {""id"": 162365, ""name"": ""military""}, {""id"": 207883, ""name"": ""1940s""}]","As U.S. troops storm the beaches of Normandy, three brothers lie dead on the battlefield, with a fourth trapped behind enemy lines. Ranger captain John Miller and seven men are tasked with penetrating German-held territory and bringing the boy home.",76.041867,481840909,Saving Private Ryan,7.9,5048,https://firebasestorage.googleapis.com/v0/b/treecom-a433e.appspot.com/o/Saving_Private_Ryan.jpg?alt=media&token=1b196adb-b0f1-4ae6-8c8c-0d9288818fcb
"[{""id"": 18, ""name"": ""Drama""}, {""id"": 37, ""name"": ""Western""}]",http://unchainedmovie.com/,68718,"[{""id"": 801, ""name"": ""bounty hunter""}, {""id"": 1701, ""name"": ""hero""}, {""id"": 3136, ""name"": ""plantation""}, {""id"": 3679, ""name"": ""society""}, {""id"": 6054, ""name"": ""friendship""}, {""id"": 9713, ""name"": ""friends""}, {""id"": 9748, ""name"": ""revenge""}, {""id"": 9823, ""name"": ""rivalry""}, {""id"": 10084, ""name"": ""rescue""}, {""id"": 10950, ""name"": ""shootout""}, {""id"": 12425, ""name"": ""racism""}, {""id"": 15017, ""name"": ""danger""}, {""id"": 33780, ""name"": ""dentist""}, {""id"": 160324, ""name"": ""django""}, {""id"": 163129, ""name"": ""dual role""}, {""id"": 179430, ""name"": ""aftercreditsstinger""}, {""id"": 187376, ""name"": ""odd couple""}, {""id"": 188772, ""name"": ""black slave""}, {""id"": 202703, ""name"": ""deadly""}, {""id"": 206687, ""name"": ""chases and races""}, {""id"": 207928, ""name"": ""19th century""}]","With the help of a German bounty hunter, a freed slave sets out to rescue his wife from a brutal Mississippi plantation owner.",82.121691,425368238,Django Unchained,7.8,10099,https://firebasestorage.googleapis.com/v0/b/treecom-a433e.appspot.com/o/Django_Unchained.jpg?alt=media&token=60f6d8f0-7321-4d4b-a2cf-f23ce966e54e
"[{""id"": 18, ""name"": ""Drama""}, {""id"": 53, ""name"": ""Thriller""}, {""id"": 9648, ""name"": ""Mystery""}]",http://www.shutterisland.com/,11324,"[{""id"": 818, ""name"": ""based on novel""}, {""id"": 2041, ""name"": ""island""}, {""id"": 2215, ""name"": ""hurricane""}, {""id"": 5340, ""name"": ""investigation""}, {""id"": 10323, ""name"": ""psychiatric hospital""}, {""id"": 11207, ""name"": ""u.s. marshal""}, {""id"": 11208, ""name"": ""conspiracy theory""}, {""id"": 208611, ""name"": ""1950s""}]","World War II soldier-turned-U.S. Marshal Teddy Daniels investigates the disappearance of a patient from a hospital for the criminally insane, but his efforts are compromised by his troubling visions and also by a mysterious doctor.",81.914696,294804195,Shutter Island,7.8,6336,https://firebasestorage.googleapis.com/v0/b/treecom-a433e.appspot.com/o/Shutter_Island.jpg?alt=media&token=c9bf2893-ac8a-46c5-9146-f7ce7bcc474f
"[{""id"": 53, ""name"": ""Thriller""}, {""id"": 80, ""name"": ""Crime""}]",https://www.imdb.com/title/tt0110912/,680,"[{""id"": 396, ""name"": ""transporter""}, {""id"": 1411, ""name"": ""brothel""}, {""id"": 2231, ""name"": ""drug dealer""}, {""id"": 2792, ""name"": ""boxer""}, {""id"": 4076, ""name"": ""massage""}, {""id"": 8627, ""name"": ""stolen money""}, {""id"": 9730, ""name"": ""crime boss""}, {""id"": 10104, ""name"": ""dance contest""}, {""id"": 11242, ""name"": ""junkyard""}, {""id"": 11423, ""name"": ""kamikaze""}, {""id"": 11434, ""name"": ""ambiguous ending""}, {""id"": 11435, ""name"": ""briefcase""}, {""id"": 11436, ""name"": ""redemption""}, {""id"": 11442, ""name"": ""heirloom""}, {""id"": 11446, ""name"": ""pulp fiction""}, {""id"": 11447, ""name"": ""reference to al green""}, {""id"": 14604, ""name"": ""theft""}, {""id"": 14707, ""name"": ""brutality""}]","A burger-loving hit man, his philosophical partner, a drug-addled gangster's moll and a washed-up boxer converge in this sprawling, comedic crime caper. Their adventures unfurl in three stories that ingeniously trip back and forth in time.",121.463076,213928762,Pulp Fiction,8.3,8428,https://firebasestorage.googleapis.com/v0/b/treecom-a433e.appspot.com/o/Pulp_Fiction.jpg?alt=media&token=11c954bf-3d9a-419c-ae53-ffbc373964ce
"[{""id"": 18, ""name"": ""Drama""}]",http://sonyclassics.com/whiplash/,244786,"[{""id"": 1416, ""name"": ""jazz""}, {""id"": 1523, ""name"": ""obsession""}, {""id"": 1640, ""name"": ""conservatory""}, {""id"": 2176, ""name"": ""music teacher""}, {""id"": 14512, ""name"": ""new york city""}, {""id"": 14819, ""name"": ""violence""}, {""id"": 33896, ""name"": ""montage""}, {""id"": 156823, ""name"": ""drummer""}, {""id"": 170418, ""name"": ""public humiliation""}, {""id"": 176095, ""name"": ""jazz band""}, {""id"": 206298, ""name"": ""young adult""}, {""id"": 207739, ""name"": ""music school""}]","Under the direction of a ruthless instructor, a talented young drummer begins to pursue perfection at any cost, even his humanity.",192.528841,13092000,Whiplash,8.3,4254,https://firebasestorage.googleapis.com/v0/b/treecom-a433e.appspot.com/o/Whiplash.jpg?alt=media&token=5b23ace6-95a3-4591-a1ed-7ac991fa2cb3
"[{""id"": 28, ""name"": ""Action""}, {""id"": 12, ""name"": ""Adventure""}, {""id"": 14, ""name"": ""Fantasy""}]",http://www.theamazingspiderman.com,102382,"[{""id"": 1523, ""name"": ""obsession""}, {""id"": 8828, ""name"": ""marvel comic""}, {""id"": 9663, ""name"": ""sequel""}, {""id"": 9717, ""name"": ""based on comic book""}, {""id"": 13040, ""name"": ""electrocution""}, {""id"": 33977, ""name"": ""medical experiment""}, {""id"": 41594, ""name"": ""electricity""}, {""id"": 163455, ""name"": ""super powers""}]","For Peter Parker, life is busy. Between taking out the bad guys as Spider-Man and spending time with the person he loves, Gwen Stacy, high school graduation cannot come quickly enough. Peter has not forgotten about the promise he made to Gwen’s father to protect her by staying away, but that is a promise he cannot keep. Things will change for Peter when a new villain, Electro, emerges, an old friend, Harry Osborn, returns, and Peter uncovers new clues about his past.",89.270217,705717432,The Amazing Spider-Man 2,6.5,4179,https://firebasestorage.googleapis.com/v0/b/treecom-a433e.appspot.com/o/Amazing_Spiderman_2.jpg?alt=media&token=48679e30-9df0-489c-b88c-e5b24082cfe0
"[{""id"": 18, ""name"": ""Drama""}, {""id"": 36, ""name"": ""History""}]",https://www.imdb.com/title/tt0790636/,152532,"[{""id"": 515, ""name"": ""women""}, {""id"": 740, ""name"": ""aids""}, {""id"": 5565, ""name"": ""biography""}, {""id"": 9672, ""name"": ""based on true story""}, {""id"": 9766, ""name"": ""hiv""}, {""id"": 14964, ""name"": ""drug""}, {""id"": 208289, ""name"": ""1980s""}]","Loosely based on the true-life tale of Ron Woodroof, a drug-taking, women-loving, homophobic man who in 1986 was diagnosed with HIV/AIDS and given thirty days to live.",59.454473,55198285,Dallas Buyers Club,7.9,2886,https://firebasestorage.googleapis.com/v0/b/treecom-a433e.appspot.com/o/Dallas_buyers_club.jpg?alt=media&token=70abb94b-195d-4496-9c50-ac4368a11682
"[{""id"": 80, ""name"": ""Crime""}, {""id"": 18, ""name"": ""Drama""}, {""id"": 35, ""name"": ""Comedy""}]",http://www.thewolfofwallstreet.com/,106646,"[{""id"": 417, ""name"": ""corruption""}, {""id"": 572, ""name"": ""sex""}, {""id"": 738, ""name"": ""sexuality""}, {""id"": 974, ""name"": ""bank""}, {""id"": 3923, ""name"": ""humor""}, {""id"": 5565, ""name"": ""biography""}, {""id"": 5636, ""name"": ""wall street""}, {""id"": 5809, ""name"": ""marriage crisis""}, {""id"": 6974, ""name"": ""rise and fall""}, {""id"": 10631, ""name"": ""stockbroker""}, {""id"": 14964, ""name"": ""drug""}, {""id"": 179018, ""name"": ""stock broker""}]","A New York stockbroker refuses to cooperate in a large securities fraud case involving corruption on Wall Street, corporate banking world and mob infiltration. Based on Jordan Belfort's autobiography.",95.007934,392000694,The Wolf of Wall Street,7.9,6571,https://firebasestorage.googleapis.com/v0/b/treecom-a433e.appspot.com/o/The_Wolf_of_the_wallstreet.jpg?alt=media&token=f1d81a0d-e1da-4aca-b720-0cd2b185aaaa
"[{""id"": 18, ""name"": ""Drama""}, {""id"": 10751, ""name"": ""Family""}]",https://www.imdb.com/title/tt1028532/,28178,"[{""id"": 907, ""name"": ""japanese""}, {""id"": 1797, ""name"": ""loyalty""}, {""id"": 2526, ""name"": ""human animal relationship""}, {""id"": 6054, ""name"": ""friendship""}, {""id"": 9713, ""name"": ""friends""}, {""id"": 10235, ""name"": ""family relationships""}, {""id"": 15162, ""name"": ""dog""}, {""id"": 163098, ""name"": ""newspaper reporter""}, {""id"": 192555, ""name"": ""family dog""}, {""id"": 206863, ""name"": ""waiting""}]",A drama based on the true story of a college professor's bond with the abandoned dog he takes into his home.,43.217089,47801389,Hachi: A Dog's Tale,7.7,1717,https://firebasestorage.googleapis.com/v0/b/treecom-a433e.appspot.com/o/Hatchiko.jpg?alt=media&token=1f8b6dee-568f-4aca-b5ee-78fda8e7f15f
"[{""id"": 18, ""name"": ""Drama""}, {""id"": 10749, ""name"": ""Romance""}]",http://perks-of-being-a-wallflower.com/,84892,"[{""id"": 367, ""name"": ""shyness""}, {""id"": 1328, ""name"": ""secret""}, {""id"": 2398, ""name"": ""narration""}, {""id"": 5091, ""name"": ""kiss""}, {""id"": 10519, ""name"": ""freshman""}, {""id"": 10683, ""name"": ""coming of age""}, {""id"": 18068, ""name"": ""teenage boy""}, {""id"": 33910, ""name"": ""high school student""}, {""id"": 157303, ""name"": ""first love""}, {""id"": 158199, ""name"": ""aunt nephew relationship""}, {""id"": 158968, ""name"": ""gay lead character""}, {""id"": 160500, ""name"": ""santa hat""}, {""id"": 163037, ""name"": ""lgbt teen""}, {""id"": 180861, ""name"": ""aunt nephew incest""}, {""id"": 223438, ""name"": ""based on young adult novel""}]","A coming-of-age story based on the best-selling novel by Stephen Chbosky, which follows 15-year-old freshman Charlie, an endearing and naive outsider who is taken under the wings of two seniors. A moving tale of love, loss, fear and hope - and the unforgettable friends that help us through life.",43.444135,33400000,The Perks of Being a Wallflower,7.7,2968,https://firebasestorage.googleapis.com/v0/b/treecom-a433e.appspot.com/o/The_perks_of_being_a_wallflower.jpg?alt=media&token=96e0ace5-d4c1-447f-ab71-41f65e25b7fc
"[{""id"": 18, ""name"": ""Drama""}, {""id"": 10749, ""name"": ""Romance""}]",http://www.mynameiskhanthefilm.com/,26022,"[{""id"": 10540, ""name"": ""bollywood""}]","Rizwan Khan, a Muslim from the Borivali section of Mumbai, has Asperger's syndrome. He marries a Hindu single mother, Mandira, in San Francisco. After 9/11, Rizwan is detained by authorities at LAX who treat him as a terrorist because of his condition and his race.",14.719886,42345360,My Name Is Khan,7.7,232,https://firebasestorage.googleapis.com/v0/b/treecom-a433e.appspot.com/o/My_Name_is_Khan.jpg?alt=media&token=647d6256-a385-4698-b28e-64436852c43d
"[{""id"": 14, ""name"": ""Fantasy""}, {""id"": 18, ""name"": ""Drama""}, {""id"": 9648, ""name"": ""Mystery""}]",https://www.imdb.com/title/tt0246578/,141,"[{""id"": 970, ""name"": ""parents kids relationship""}, {""id"": 3800, ""name"": ""airplane""}, {""id"": 4379, ""name"": ""time travel""}, {""id"": 5674, ""name"": ""school presentation""}, {""id"": 7358, ""name"": ""school performance""}, {""id"": 10532, ""name"": ""suburbia""}, {""id"": 10629, ""name"": ""vision""}, {""id"": 11011, ""name"": ""morality""}, {""id"": 13130, ""name"": ""teenager""}]","After narrowly escaping a bizarre accident, a troubled teenager is plagued by visions of a large bunny rabbit that manipulates him to commit a series of crimes.",61.210016,1270522,Donnie Darko,7.7,3452,https://firebasestorage.googleapis.com/v0/b/treecom-a433e.appspot.com/o/Donnie_Darko.jpg?alt=media&token=06ccb760-bea0-4fe0-8697-8a27844db01e
"[{""id"": 9648, ""name"": ""Mystery""}, {""id"": 53, ""name"": ""Thriller""}, {""id"": 18, ""name"": ""Drama""}]",http://www.gonegirlmovie.com/,210577,"[{""id"": 818, ""name"": ""based on novel""}, {""id"": 5809, ""name"": ""marriage crisis""}, {""id"": 10941, ""name"": ""disappearance""}, {""id"": 11513, ""name"": ""cheating husband""}, {""id"": 156091, ""name"": ""missing person""}, {""id"": 169962, ""name"": ""search party""}, {""id"": 191199, ""name"": ""criminal lawyer""}, {""id"": 199073, ""name"": ""wife murder""}, {""id"": 207431, ""name"": ""murder suspect""}, {""id"": 222665, ""name"": ""missing wife""}]","With his wife's disappearance having become the focus of an intense media circus, a man sees the spotlight turned on him when it's suspected that he may not be innocent.",143.041543,369330363,Gone Girl,7.9,5862,https://firebasestorage.googleapis.com/v0/b/treecom-a433e.appspot.com/o/Gone_Girl.jpg?alt=media&token=b243dcfc-6b3f-4a6b-b4fe-2bf1e944dc5c
"[{""id"": 35, ""name"": ""Comedy""}, {""id"": 99, ""name"": ""Documentary""}]",http://www.kevinhartlaughatmypain.com/,74510,"[{""id"": 9716, ""name"": ""stand-up comedy""}]",Experience the show that quickly became a national phenomenon. Get an up-close and personal look at Kevin Hart back in Philly where he began his journey to become one of the funniest comedians of all time. You will laugh 'til it hurts!,5.498834,0,Kevin Hart: Laugh at My Pain,7.7,43,https://firebasestorage.googleapis.com/v0/b/treecom-a433e.appspot.com/o/Laugh_at_my_pain.jpg?alt=media&token=0522fd32-0d30-4bad-a50f-dadc051dc65a
"[{""id"": 16, ""name"": ""Animation""}, {""id"": 35, ""name"": ""Comedy""}, {""id"": 10751, ""name"": ""Family""}, {""id"": 12, ""name"": ""Adventure""}]",http://disney.go.com/disneypictures/up/,14160,"[{""id"": 965, ""name"": ""age difference""}, {""id"": 1291, ""name"": ""central and south america""}, {""id"": 9903, ""name"": ""balloon""}, {""id"": 10336, ""name"": ""animation""}, {""id"": 175715, ""name"": ""floating in the air""}, {""id"": 179431, ""name"": ""duringcreditsstinger""}, {""id"": 221536, ""name"": ""exploring""}]","Carl Fredricksen spent his entire life dreaming of exploring the globe and experiencing life to its fullest. But at age 78, life seems to have passed him by, until a twist of fate (and a persistent 8-year old Wilderness Explorer named Russell) gives him a new lease on life.",92.201962,735099082,Up,7.7,6870,https://firebasestorage.googleapis.com/v0/b/treecom-a433e.appspot.com/o/Up.jpg?alt=media&token=a9957a4e-2c6e-4596-a2d9-ff8857612003
"[{""id"": 28, ""name"": ""Action""}, {""id"": 53, ""name"": ""Thriller""}, {""id"": 878, ""name"": ""Science Fiction""}]",https://www.imdb.com/title/tt0103064/,280,"[{""id"": 679, ""name"": ""cyborg""}, {""id"": 1366, ""name"": ""shotgun""}, {""id"": 4458, ""name"": ""post-apocalyptic""}, {""id"": 4565, ""name"": ""dystopia""}, {""id"": 11426, ""name"": ""moral ambiguity""}, {""id"": 11857, ""name"": ""mental institution""}, {""id"": 14819, ""name"": ""violence""}, {""id"": 14946, ""name"": ""fictional war""}, {""id"": 160131, ""name"": ""morphing""}, {""id"": 160381, ""name"": ""nuclear weapons""}, {""id"": 162532, ""name"": ""shape shifter""}, {""id"": 175468, ""name"": ""savior""}, {""id"": 175472, ""name"": ""catch phrase""}]","Nearly 10 years have passed since Sarah Connor was targeted for termination by a cyborg from the future. Now her son, John, the future leader of the resistance, is the target for a newer, more deadly terminator. Once again, the resistance has managed to send a protector back to attempt to save John and his mother Sarah.",101.74155,520000000,Terminator 2: Judgment Day,7.7,4185,https://firebasestorage.googleapis.com/v0/b/treecom-a433e.appspot.com/o/terminator_2.jpg?alt=media&token=6e522f1d-85f5-40d6-b892-3e50e174f45e
"[{""id"": 18, ""name"": ""Drama""}, {""id"": 10749, ""name"": ""Romance""}]",http://www.abeautifulmind.com/,453,"[{""id"": 30, ""name"": ""individual""}, {""id"": 222, ""name"": ""schizophrenia""}, {""id"": 1700, ""name"": ""massachusetts""}, {""id"": 2038, ""name"": ""love of one's life""}, {""id"": 2051, ""name"": ""intelligence""}, {""id"": 2303, ""name"": ""mathematician""}, {""id"": 2304, ""name"": ""market economy""}, {""id"": 2305, ""name"": ""economic theory""}, {""id"": 2307, ""name"": ""princeton university""}, {""id"": 2309, ""name"": ""nobel prize""}, {""id"": 2461, ""name"": ""mathematical theorem""}, {""id"": 2462, ""name"": ""m.i.t.""}, {""id"": 6009, ""name"": ""mathematics""}, {""id"": 6262, ""name"": ""delusion""}]","At Princeton University, John Nash struggles to make a worthwhile contribution to serve as his legacy to the world of mathematics. He finally makes a revolutionary breakthrough that will eventually earn him the Nobel Prize. After graduate school he turns to teaching, becoming romantically involved with his student Alicia. Meanwhile the government asks his help with breaking Soviet codes, which soon gets him involved in a terrifying conspiracy plot. Nash grows more and more paranoid until a discovery that turns his entire world upside down. Now it is only with Alicia's help that he will be able to recover his mental strength and regain his status as the great mathematician we know him as today..",59.248437,313542341,A Beautiful Mind,7.7,3009,https://firebasestorage.googleapis.com/v0/b/treecom-a433e.appspot.com/o/A_beautiful_mind.jpg?alt=media&token=4e88c0a0-bdf3-4b66-8157-a078baad6f5c
"[{""id"": 878, ""name"": ""Science Fiction""}, {""id"": 18, ""name"": ""Drama""}, {""id"": 10749, ""name"": ""Romance""}]",http://www.eternalsunshine.com,38,"[{""id"": 563, ""name"": ""deja vu""}, {""id"": 802, ""name"": ""regret""}, {""id"": 931, ""name"": ""jealousy""}, {""id"": 1453, ""name"": ""amnesia""}, {""id"": 1566, ""name"": ""dream""}, {""id"": 1604, ""name"": ""operation""}, {""id"": 5625, ""name"": ""relationship problems""}, {""id"": 9673, ""name"": ""love""}, {""id"": 10937, ""name"": ""memory""}, {""id"": 12400, ""name"": ""brainwashing""}, {""id"": 14534, ""name"": ""relationship""}, {""id"": 34265, ""name"": ""heartbreak""}, {""id"": 157171, ""name"": ""nonlinear timeline""}, {""id"": 204374, ""name"": ""love story""}, {""id"": 224279, ""name"": ""bittersweet""}]","Joel Barish, heartbroken that his girlfriend underwent a procedure to erase him from her memory, decides to do the same. However, as he watches his memories of her fade away, he realises that he still loves her, and may be too late to correct his mistake.",56.481487,72258126,Eternal Sunshine of the Spotless Mind,7.9,3652,https://firebasestorage.googleapis.com/v0/b/treecom-a433e.appspot.com/o/Eternal_Sunshine.jpg?alt=media&token=6f4e5fb7-bfbd-479c-abac-e8d9c12bd394
"[{""id"": 18, ""name"": ""Drama""}]",http://www.sonypictures.com/homevideo/thepursuitofhappyness/,1402,"[{""id"": 582, ""name"": ""san francisco""}, {""id"": 641, ""name"": ""single parent""}, {""id"": 960, ""name"": ""homeless person""}, {""id"": 992, ""name"": ""bus""}, {""id"": 2346, ""name"": ""worker""}, {""id"": 2981, ""name"": ""homelessness""}, {""id"": 3640, ""name"": ""work""}, {""id"": 4636, ""name"": ""church service""}, {""id"": 4671, ""name"": ""bad luck""}, {""id"": 5565, ""name"": ""biography""}, {""id"": 10332, ""name"": ""salesman""}, {""id"": 10631, ""name"": ""stockbroker""}]","The true story of Christopher Gardner, who invests heavily in a device known as a 'Bone Density Scanner', only to find himself struggle to sell the product as it's just marginally better than the current technology, and much more expensive. His wife leaves him,  he loses his house, bank account and credit cards and, now forced to live out in the streets with his young son,  he's desperate to find a steady job. He takes on a job as a stockbroker but, before he can receive pay, he needs to go through 6 months of training, and must sell his devices.",80.581367,307077295,The Pursuit of Happyness,7.7,2525,https://firebasestorage.googleapis.com/v0/b/treecom-a433e.appspot.com/o/the_pursuit_of_happyness.jpg?alt=media&token=3a89b527-89a8-418b-a26e-ed516de51721
"[{""id"": 18, ""name"": ""Drama""}, {""id"": 80, ""name"": ""Crime""}]",https://www.facebook.com/CatchMeIfYouCanMovie,640,"[{""id"": 3202, ""name"": ""con man""}, {""id"": 5565, ""name"": ""biography""}, {""id"": 18525, ""name"": ""fbi agent""}, {""id"": 172889, ""name"": ""overhead camera shot""}, {""id"": 177465, ""name"": ""attempted jailbreak""}, {""id"": 177473, ""name"": ""engagement party""}, {""id"": 177482, ""name"": ""mislaid trust""}, {""id"": 214810, ""name"": ""bank fraud""}, {""id"": 231069, ""name"": ""inspired by a true story""}]","A true story about Frank Abagnale Jr. who, before his 19th birthday, successfully conned millions of dollars worth of checks as a Pan Am pilot, doctor, and legal prosecutor. An FBI agent makes it his mission to put him behind bars. But Frank not only eludes capture, he revels in the pursuit.",73.944049,352114312,Catch Me If You Can,7.7,3795,https://firebasestorage.googleapis.com/v0/b/treecom-a433e.appspot.com/o/Catch_Me_If_you_can.jpg?alt=media&token=9a2e79af-0a7c-45a9-ac02-38aea8b6c7d4
"[{""id"": 28, ""name"": ""Action""}, {""id"": 53, ""name"": ""Thriller""}, {""id"": 14, ""name"": ""Fantasy""}]",http://vforvendetta.warnerbros.com/,752,"[{""id"": 703, ""name"": ""detective""}, {""id"": 716, ""name"": ""vatican""}, {""id"": 1755, ""name"": ""fascism""}, {""id"": 3099, ""name"": ""satanism""}, {""id"": 3603, ""name"": ""fascist""}, {""id"": 4565, ""name"": ""dystopia""}, {""id"": 6086, ""name"": ""government""}, {""id"": 7525, ""name"": ""chancellor""}, {""id"": 9748, ""name"": ""revenge""}, {""id"": 11476, ""name"": ""personification of satan""}, {""id"": 13006, ""name"": ""torture""}, {""id"": 158449, ""name"": ""hatred""}, {""id"": 158456, ""name"": ""masked vigilante""}, {""id"": 161207, ""name"": ""catholicism""}, {""id"": 172391, ""name"": ""catholic priest""}, {""id"": 175949, ""name"": ""catholic guilt""}, {""id"": 189995, ""name"": ""jesuit""}, {""id"": 198331, ""name"": ""vengeful spirit""}, {""id"": 208647, ""name"": ""activist""}, {""id"": 208725, ""name"": ""irish catholic""}, {""id"": 214978, ""name"": ""vengeful""}, {""id"": 220888, ""name"": ""jesuit priest""}, {""id"": 221385, ""name"": ""gnosticism""}, {""id"": 221387, ""name"": ""occultism""}]","In a world in which Great Britain has become a fascist state, a masked vigilante known only as 'V' conducts guerrilla warfare against the oppressive British government. When 'V' rescues a young woman from the secret police, he finds in her an ally with whom he can continue his fight to free the people of Britain.",84.630969,132511035,V for Vendetta,7.7,4442,https://firebasestorage.googleapis.com/v0/b/treecom-a433e.appspot.com/o/V_for_Vendetta.jpg?alt=media&token=b6f935c4-dca6-4c42-bf1b-0c010a96523e
"[{""id"": 9648, ""name"": ""Mystery""}, {""id"": 53, ""name"": ""Thriller""}, {""id"": 18, ""name"": ""Drama""}]",https://www.imdb.com/title/tt0167404/,745,"[{""id"": 516, ""name"": ""child abuse""}, {""id"": 1335, ""name"": ""sense of guilt""}, {""id"": 1452, ""name"": ""loss of child""}, {""id"": 2246, ""name"": ""confidence""}, {""id"": 2800, ""name"": ""psychology""}, {""id"": 3737, ""name"": ""dying and death""}, {""id"": 5809, ""name"": ""marriage crisis""}, {""id"": 6155, ""name"": ""afterlife""}, {""id"": 9457, ""name"": ""single""}, {""id"": 11627, ""name"": ""paranormal phenomena""}, {""id"": 13001, ""name"": ""cowardliness""}, {""id"": 208349, ""name"": ""child""}, {""id"": 210530, ""name"": ""spiritism""}]","A psychological thriller about an eight year old boy named Cole Sear who believes he can see into the world of the dead. A child psychologist named Malcolm Crowe comes to Cole to help him deal with his problem, learning that he really can see ghosts of dead people.",73.085576,672806292,The Sixth Sense,7.7,3147,https://firebasestorage.googleapis.com/v0/b/treecom-a433e.appspot.com/o/The_sixth_sense.jpg?alt=media&token=d1baf164-4633-4ace-a42b-58d140cfdfbc
"[{""id"": 28, ""name"": ""Action""}, {""id"": 878, ""name"": ""Science Fiction""}, {""id"": 12, ""name"": ""Adventure""}]",http://marvel.com/guardians,118340,"[{""id"": 8828, ""name"": ""marvel comic""}, {""id"": 9831, ""name"": ""spaceship""}, {""id"": 9882, ""name"": ""space""}, {""id"": 12405, ""name"": ""outer space""}, {""id"": 13014, ""name"": ""orphan""}, {""id"": 175428, ""name"": ""adventurer""}, {""id"": 179430, ""name"": ""aftercreditsstinger""}, {""id"": 179431, ""name"": ""duringcreditsstinger""}, {""id"": 180547, ""name"": ""marvel cinematic universe""}]","Light years from Earth, 26 years after being abducted, Peter Quill finds himself the prime target of a manhunt after discovering an orb wanted by Ronan the Accuser.",481.098624,773328629,Guardians of the Galaxy,7.9,9742,https://firebasestorage.googleapis.com/v0/b/treecom-a433e.appspot.com/o/guardians_of_the_galaxy.jpg?alt=media&token=59eea916-a49f-4efa-a4fb-1f906b59c1a9
"[{""id"": 18, ""name"": ""Drama""}, {""id"": 10402, ""name"": ""Music""}]",http://www.straightouttacompton.com/,277216,"[{""id"": 380, ""name"": ""brother brother relationship""}, {""id"": 740, ""name"": ""aids""}, {""id"": 796, ""name"": ""police brutality""}, {""id"": 897, ""name"": ""rap music""}, {""id"": 898, ""name"": ""hip-hop""}, {""id"": 1157, ""name"": ""wife husband relationship""}, {""id"": 2016, ""name"": ""vandalism""}, {""id"": 2231, ""name"": ""drug dealer""}, {""id"": 2334, ""name"": ""nightclub""}, {""id"": 2930, ""name"": ""freedom of speech""}, {""id"": 4108, ""name"": ""protest""}, {""id"": 4562, ""name"": ""rapper""}, {""id"": 4741, ""name"": ""recording contract""}, {""id"": 5626, ""name"": ""from rags to riches""}, {""id"": 6093, ""name"": ""assault""}, {""id"": 6564, ""name"": ""terminal illness""}, {""id"": 7312, ""name"": ""road trip""}, {""id"": 9672, ""name"": ""based on true story""}, {""id"": 9932, ""name"": ""feud""}, {""id"": 10726, ""name"": ""gang""}, {""id"": 10776, ""name"": ""marijuana""}, {""id"": 11148, ""name"": ""police chase""}, {""id"": 11612, ""name"": ""hospital""}, {""id"": 12425, ""name"": ""racism""}, {""id"": 12670, ""name"": ""los angeles""}, {""id"": 13142, ""name"": ""gangster""}, {""id"": 156158, ""name"": ""racial slur""}, {""id"": 157499, ""name"": ""mother son relationship""}, {""id"": 158111, ""name"": ""no opening credits""}, {""id"": 160497, ""name"": ""wrongful arrest""}, {""id"": 163764, ""name"": ""death of brother""}, {""id"": 169213, ""name"": ""milwaukee wisconsin""}, {""id"": 169590, ""name"": ""police raid""}, {""id"": 178036, ""name"": ""police harassment""}, {""id"": 178929, ""name"": ""detroit michigan""}, {""id"": 179431, ""name"": ""duringcreditsstinger""}, {""id"": 187903, ""name"": ""gangster rap""}, {""id"": 195162, ""name"": ""record company""}, {""id"": 208289, ""name"": ""1980s""}, {""id"": 217467, ""name"": ""music tour""}, {""id"": 217469, ""name"": ""reference to rodney king""}, {""id"": 217474, ""name"": ""intimidation by police""}, {""id"": 217475, ""name"": ""los angeles riots""}, {""id"": 217482, ""name"": ""compton california""}]","In 1987, five young men, using brutally honest rhymes and hardcore beats, put their frustration and anger about life in the most dangerous place in America into the most powerful weapon they had: their music.  Taking us back to where it all began, Straight Outta Compton tells the true story of how these cultural rebels—armed only with their lyrics, swagger, bravado and raw talent—stood up to the authorities that meant to keep them down and formed the world’s most dangerous group, N.W.A.  And as they spoke the truth that no one had before and exposed life in the hood, their voice ignited a social revolution that is still reverberating today.",61.76233,201634991,Straight Outta Compton,7.7,1355,https://firebasestorage.googleapis.com/v0/b/treecom-a433e.appspot.com/o/Straight_outta_Compton.jpg?alt=media&token=2cdee625-16a6-441b-a3e7-2b77d4da7d72
"[{""id"": 878, ""name"": ""Science Fiction""}, {""id"": 18, ""name"": ""Drama""}, {""id"": 53, ""name"": ""Thriller""}]",http://www.warnerbros.com/blade-runner,78,"[{""id"": 310, ""name"": ""artificial intelligence""}, {""id"": 312, ""name"": ""man vs machine""}, {""id"": 679, ""name"": ""cyborg""}, {""id"": 801, ""name"": ""bounty hunter""}, {""id"": 803, ""name"": ""android""}, {""id"": 4565, ""name"": ""dystopia""}, {""id"": 6017, ""name"": ""genetics""}, {""id"": 10718, ""name"": ""fugitive""}, {""id"": 12190, ""name"": ""cyberpunk""}, {""id"": 12670, ""name"": ""los angeles""}, {""id"": 178657, ""name"": ""tech noir""}, {""id"": 207268, ""name"": ""neo-noir""}]","In the smog-choked dystopian Los Angeles of 2019, blade runner Rick Deckard is called out of retirement to terminate a quartet of replicants who have escaped to Earth seeking their creator for a way to extend their short life spans.",94.056131,33139618,Blade Runner,7.9,3509,https://firebasestorage.googleapis.com/v0/b/treecom-a433e.appspot.com/o/Blade_Runner.jpg?alt=media&token=eccd5f22-a795-4eff-a235-6dc63ddaf169
"[{""id"": 18, ""name"": ""Drama""}, {""id"": 36, ""name"": ""History""}]",https://www.imdb.com/title/tt2024544/,76203,"[{""id"": 1294, ""name"": ""whip""}, {""id"": 1930, ""name"": ""kidnapping""}, {""id"": 2831, ""name"": ""slavery""}, {""id"": 3136, ""name"": ""plantation""}, {""id"": 4225, ""name"": ""night shift""}, {""id"": 15189, ""name"": ""violin player""}, {""id"": 155794, ""name"": ""physical abuse""}, {""id"": 190477, ""name"": ""cotton""}, {""id"": 197643, ""name"": ""slave owner""}, {""id"": 207928, ""name"": ""19th century""}, {""id"": 209069, ""name"": ""sold into slavery""}, {""id"": 209070, ""name"": ""abolitionist""}]","In the pre-Civil War United States, Solomon Northup, a free black man from upstate New York, is abducted and sold into slavery. Facing cruelty as well as unexpected kindnesses Solomon struggles not only to stay alive, but to retain his dignity. In the twelfth year of his unforgettable odyssey, Solomon’s chance meeting with a Canadian abolitionist will forever alter his life.",95.9229,187000000,12 Years a Slave,7.9,3674,https://firebasestorage.googleapis.com/v0/b/treecom-a433e.appspot.com/o/12_Years_a_Slave.jpg?alt=media&token=fae27d78-d895-4c39-8cc3-53e4caf9d234
"[{""id"": 18, ""name"": ""Drama""}]",http://www.milliondollarbaby-derfilm.de/,70,"[{""id"": 396, ""name"": ""transporter""}, {""id"": 1252, ""name"": ""suicide attempt""}, {""id"": 2660, ""name"": ""strong woman""}, {""id"": 2792, ""name"": ""boxer""}, {""id"": 3737, ""name"": ""dying and death""}, {""id"": 4327, ""name"": ""stroke of fate""}, {""id"": 4613, ""name"": ""training""}, {""id"": 5212, ""name"": ""advancement""}, {""id"": 6075, ""name"": ""sport""}, {""id"": 11322, ""name"": ""female protagonist""}, {""id"": 156330, ""name"": ""boxing trainer""}, {""id"": 207999, ""name"": ""determination""}]","Despondent over a painful estrangement from his daughter, trainer Frankie Dunn isn't prepared for boxer Maggie Fitzgerald to enter his life. But Maggie's determined to go pro and to convince Dunn and his cohort to help her.",70.456012,216763646,Million Dollar Baby,7.7,2439,https://firebasestorage.googleapis.com/v0/b/treecom-a433e.appspot.com/o/million_dollar_baby.jpg?alt=media&token=49d84ae8-de15-405a-bf45-a29db5c17685
